FIPS Code,Geography,Year,Program Type,Population,County,Land Area (sq mi.),Population Density (person/sq.mi.),Pop Density Growth Percentage
36001,Albany County,1980,Census Base Population,285909,Albany,522.8,546.8802601,-0.290505065
36001,Albany County,1990,Census Base Population,292812,Albany,522.8,560.0841622,2.41440459
36001,Albany County,2000,Census Base Population,294601,Albany,522.8,563.5061209,0.610972231
36001,Albany County,2010,Census Base Population,304199,Albany,522.8,581.8649579,3.257965853
36001,Albany County,2020,Census Base Population,314848,Albany,522.8,602.2341239,3.500668965
36003,Allegany County,1980,Census Base Population,51742,Allegany,1029.31,50.26862656,11.3737139
36003,Allegany County,1990,Census Base Population,50470,Allegany,1029.31,49.03284725,-2.458351052
36003,Allegany County,2000,Census Base Population,49881,Allegany,1029.31,48.46061925,-1.167029924
36003,Allegany County,2010,Census Base Population,48923,Allegany,1029.31,47.52989867,-1.920570959
36003,Allegany County,2020,Census Base Population,46456,Allegany,1029.31,45.13314745,-5.042617988
36005,Bronx County,1980,Census Base Population,1168972,Bronx,42.1,27766.55582,-20.57000709
36005,Bronx County,1990,Census Base Population,1203789,Bronx,42.1,28593.56295,2.978428925
36005,Bronx County,2000,Census Base Population,1332244,Bronx,42.1,31644.75059,10.67088997
36005,Bronx County,2010,Census Base Population,1384224,Bronx,42.1,32879.42993,3.901687695
36005,Bronx County,2020,Census Base Population,1472654,Bronx,42.1,34979.90499,6.388416905
36007,Broome County,1980,Census Base Population,213648,Broome,705.77,302.7161823,-3.681897075
36007,Broome County,1990,Census Base Population,212160,Broome,705.77,300.6078467,-0.696472711
36007,Broome County,2000,Census Base Population,200415,Broome,705.77,283.966448,-5.535916272
36007,Broome County,2010,Census Base Population,200670,Broome,705.77,284.3277555,0.127235982
36007,Broome County,2020,Census Base Population,198683,Broome,705.77,281.5123907,-0.990182895
36009,Cattaraugus County,1980,Census Base Population,85697,Cattaraugus,1308.35,65.50005732,4.935958661
36009,Cattaraugus County,1990,Census Base Population,84234,Cattaraugus,1308.35,64.38185501,-1.707177605
36009,Cattaraugus County,2000,Census Base Population,83874,Cattaraugus,1308.35,64.10669928,-0.427380867
36009,Cattaraugus County,2010,Census Base Population,80337,Cattaraugus,1308.35,61.40329423,-4.217039842
36009,Cattaraugus County,2020,Census Base Population,77042,Cattaraugus,1308.35,58.88485497,-4.101472554
36011,Cayuga County,1980,Census Base Population,79894,Cayuga,691.58,115.5238729,3.170237227
36011,Cayuga County,1990,Census Base Population,82313,Cayuga,691.58,119.0216605,3.027761719
36011,Cayuga County,2000,Census Base Population,81910,Cayuga,691.58,118.4389369,-0.489594581
36011,Cayuga County,2010,Census Base Population,80022,Cayuga,691.58,115.7089563,-2.304968848
36011,Cayuga County,2020,Census Base Population,76248,Cayuga,691.58,110.251887,-4.716203027
36013,Chautauqua County,1980,Census Base Population,146925,Chautauqua,1060.23,138.5784217,-0.257968163
36013,Chautauqua County,1990,Census Base Population,141895,Chautauqua,1060.23,133.8341681,-3.423515394
36013,Chautauqua County,2000,Census Base Population,139698,Chautauqua,1060.23,131.7619762,-1.548328001
36013,Chautauqua County,2010,Census Base Population,134907,Chautauqua,1060.23,127.2431454,-3.429540851
36013,Chautauqua County,2020,Census Base Population,127657,Chautauqua,1060.23,120.4050065,-5.374072512
36015,Chemung County,1980,Census Base Population,97656,Chemung,407.35,239.7348717,-3.822251983
36015,Chemung County,1990,Census Base Population,95195,Chemung,407.35,233.6933841,-2.520070425
36015,Chemung County,2000,Census Base Population,91119,Chemung,407.35,223.6872468,-4.281737516
36015,Chemung County,2010,Census Base Population,88846,Chemung,407.35,218.1072788,-2.494540069
36015,Chemung County,2020,Census Base Population,84148,Chemung,407.35,206.5741991,-5.287801381
36017,Chenango County,1980,Census Base Population,49344,Chenango,893.55,55.2224274,6.418219473
36017,Chenango County,1990,Census Base Population,51768,Chenango,893.55,57.93520228,4.912451349
36017,Chenango County,2000,Census Base Population,51356,Chenango,893.55,57.47412008,-0.795858445
36017,Chenango County,2010,Census Base Population,50516,Chenango,893.55,56.53404958,-1.635641396
36017,Chenango County,2020,Census Base Population,47220,Chenango,893.55,52.84539198,-6.524665449
36019,Clinton County,1980,Census Base Population,80750,Clinton,1037.85,77.80507781,10.71653825
36019,Clinton County,1990,Census Base Population,85969,Clinton,1037.85,82.83374283,6.463157883
36019,Clinton County,2000,Census Base Population,79882,Clinton,1037.85,76.96873344,-7.08045923
36019,Clinton County,2010,Census Base Population,82131,Clinton,1037.85,79.13571325,2.815402714
36019,Clinton County,2020,Census Base Population,79843,Clinton,1037.85,76.93115575,-2.785793429
36021,Columbia County,1980,Census Base Population,59487,Columbia,634.7,93.7245943,15.46613872
36021,Columbia County,1990,Census Base Population,62982,Columbia,634.7,99.23113282,5.875233242
36021,Columbia County,2000,Census Base Population,63074,Columbia,634.7,99.37608319,0.146073481
36021,Columbia County,2010,Census Base Population,63063,Columbia,634.7,99.35875217,-0.01743983
36021,Columbia County,2020,Census Base Population,61570,Columbia,634.7,97.00645974,-2.367473804
36023,Cortland County,1980,Census Base Population,48820,Cortland,498.76,97.88274922,6.375561074
36023,Cortland County,1990,Census Base Population,48963,Cortland,498.76,98.16946026,0.292912737
36023,Cortland County,2000,Census Base Population,48704,Cortland,498.76,97.65017243,-0.528970852
36023,Cortland County,2010,Census Base Population,49287,Cortland,498.76,98.8190713,1.197026939
36023,Cortland County,2020,Census Base Population,46809,Cortland,498.76,93.85074986,-5.027694932
36025,Delaware County,1980,Census Base Population,46824,Delaware,1442.44,32.46166218,4.709512925
36025,Delaware County,1990,Census Base Population,47352,Delaware,1442.44,32.8277086,1.127626854
36025,Delaware County,2000,Census Base Population,47894,Delaware,1442.44,33.2034608,1.144619031
36025,Delaware County,2010,Census Base Population,47962,Delaware,1442.44,33.25060314,0.1419802
36025,Delaware County,2020,Census Base Population,44308,Delaware,1442.44,30.71739552,-7.618531337
36027,Dutchess County,1980,Census Base Population,245055,Dutchess,795.63,308.0012066,10.23864684
36027,Dutchess County,1990,Census Base Population,259462,Dutchess,795.63,326.1088697,5.879088365
36027,Dutchess County,2000,Census Base Population,280032,Dutchess,795.63,351.9625957,7.927943212
36027,Dutchess County,2010,Census Base Population,297444,Dutchess,795.63,373.84714,6.217860809
36027,Dutchess County,2020,Census Base Population,295911,Dutchess,795.63,371.920365,-0.51539113
36029,Erie County,1980,Census Base Population,1015472,Erie,1042.69,973.8963642,-8.80285518
36029,Erie County,1990,Census Base Population,968584,Erie,1042.69,928.9280611,-4.617360199
36029,Erie County,2000,Census Base Population,950227,Erie,1042.69,911.3226366,-1.895240895
36029,Erie County,2010,Census Base Population,919129,Erie,1042.69,881.4978565,-3.272691679
36029,Erie County,2020,Census Base Population,954236,Erie,1042.69,915.1674994,3.819594416
36031,Essex County,1980,Census Base Population,36176,Essex,1794.23,20.1624095,4.4613208
36031,Essex County,1990,Census Base Population,37152,Essex,1794.23,20.70637544,2.697921298
36031,Essex County,2000,Census Base Population,38893,Essex,1794.23,21.67670811,4.68615414
36031,Essex County,2010,Census Base Population,39371,Essex,1794.23,21.94311766,1.229012951
36031,Essex County,2020,Census Base Population,37381,Essex,1794.23,20.83400679,-5.054481716
36033,Franklin County,1980,Census Base Population,44929,Franklin,1629.12,27.57869279,2.271744335
36033,Franklin County,1990,Census Base Population,46540,Franklin,1629.12,28.56757022,3.585657368
36033,Franklin County,2000,Census Base Population,51110,Franklin,1629.12,31.37276566,9.819510089
36033,Franklin County,2010,Census Base Population,51597,Franklin,1629.12,31.67170006,0.95284682
36033,Franklin County,2020,Census Base Population,47555,Franklin,1629.12,29.19060597,-7.833788793
36035,Fulton County,1980,Census Base Population,55153,Fulton,495.47,111.3145095,4.779907726
36035,Fulton County,1990,Census Base Population,54191,Fulton,495.47,109.3729186,-1.744238832
36035,Fulton County,2000,Census Base Population,55053,Fulton,495.47,111.1126809,1.590670088
36035,Fulton County,2010,Census Base Population,55509,Fulton,495.47,112.0330192,0.828292768
36035,Fulton County,2020,Census Base Population,53324,Fulton,495.47,107.623065,-3.93629863
36037,Genesee County,1980,Census Base Population,59400,Genesee,492.94,120.5014809,1.15459279
36037,Genesee County,1990,Census Base Population,60060,Genesee,492.94,121.8403863,1.111111158
36037,Genesee County,2000,Census Base Population,60548,Genesee,492.94,122.8303648,0.812520815
36037,Genesee County,2010,Census Base Population,59937,Genesee,492.94,121.590863,-1.009116762
36037,Genesee County,2020,Census Base Population,58388,Genesee,492.94,118.4484927,-2.584380292
36039,Greene County,1980,Census Base Population,40861,Greene,647.16,63.13894555,23.31301304
36039,Greene County,1990,Census Base Population,44739,Greene,647.16,69.13128129,9.490712409
36039,Greene County,2000,Census Base Population,48021,Greene,647.16,74.20267013,7.33588145
36039,Greene County,2010,Census Base Population,49212,Greene,647.16,76.04301873,2.480164928
36039,Greene County,2020,Census Base Population,47931,Greene,647.16,74.06360096,-2.603023661
36041,Hamilton County,1980,Census Base Population,5034,Hamilton,1717.37,2.931226235,6.788290186
36041,Hamilton County,1990,Census Base Population,5279,Hamilton,1717.37,3.073886233,4.866905062
36041,Hamilton County,2000,Census Base Population,5376,Hamilton,1717.37,3.130367946,1.837469207
36041,Hamilton County,2010,Census Base Population,4842,Hamilton,1717.37,2.81942738,-9.933035712
36041,Hamilton County,2020,Census Base Population,5107,Hamilton,1717.37,2.973733092,5.472945077
36043,Herkimer County,1980,Census Base Population,66714,Herkimer,1411.47,47.2656167,-1.028083133
36043,Herkimer County,1990,Census Base Population,65809,Herkimer,1411.47,46.62444119,-1.356536854
36043,Herkimer County,2000,Census Base Population,64502,Herkimer,1411.47,45.69845622,-1.986050549
36043,Herkimer County,2010,Census Base Population,64469,Herkimer,1411.47,45.67507634,-0.051161203
36043,Herkimer County,2020,Census Base Population,60139,Herkimer,1411.47,42.60735262,-6.716406333
36045,Jefferson County,1980,Census Base Population,88151,Jefferson,1268.59,69.48738363,-0.40335337
36045,Jefferson County,1990,Census Base Population,110943,Jefferson,1268.59,87.45378728,25.85563409
36045,Jefferson County,2000,Census Base Population,111716,Jefferson,1268.59,88.0631252,0.696754182
36045,Jefferson County,2010,Census Base Population,116234,Jefferson,1268.59,91.62455955,4.044183467
36045,Jefferson County,2020,Census Base Population,116721,Jefferson,1268.59,92.00845033,0.418982402
36047,Kings County,1980,Census Base Population,2231028,Kings,70.82,31502.79582,-14.25758221
36047,Kings County,1990,Census Base Population,2300664,Kings,70.82,32486.07738,3.121251731
36047,Kings County,2000,Census Base Population,2465689,Kings,70.82,34816.28071,7.172929199
36047,Kings County,2010,Census Base Population,2504856,Kings,70.82,35369.3307,1.58848096
36047,Kings County,2020,Census Base Population,2736074,Kings,70.82,38634.19938,9.230790109
36049,Lewis County,1980,Census Base Population,25035,Lewis,1274.68,19.64022343,5.883099331
36049,Lewis County,1990,Census Base Population,26796,Lewis,1274.68,21.02174663,7.034152157
36049,Lewis County,2000,Census Base Population,26946,Lewis,1274.68,21.13942323,0.559785074
36049,Lewis County,2010,Census Base Population,27087,Lewis,1274.68,21.25003923,0.52326877
36049,Lewis County,2020,Census Base Population,26582,Lewis,1274.68,20.85386136,-1.864363005
36051,Livingston County,1980,Census Base Population,57006,Livingston,631.76,90.23363303,5.486575009
36051,Livingston County,1990,Census Base Population,62372,Livingston,631.76,98.72736482,9.413044233
36051,Livingston County,2000,Census Base Population,64631,Livingston,631.76,102.3030898,3.621817504
36051,Livingston County,2010,Census Base Population,65194,Livingston,631.76,103.194251,0.871099008
36051,Livingston County,2020,Census Base Population,61834,Livingston,631.76,97.87577561,-5.153848532
36053,Madison County,1980,Census Base Population,65150,Madison,654.84,99.48995174,3.636421479
36053,Madison County,1990,Census Base Population,69166,Madison,654.84,105.6227475,6.16423634
36053,Madison County,2000,Census Base Population,69420,Madison,654.84,106.0106286,0.367232541
36053,Madison County,2010,Census Base Population,73457,Madison,654.84,112.1754933,5.815326993
36053,Madison County,2020,Census Base Population,68016,Madison,654.84,103.8665934,-7.407054478
36055,Monroe County,1980,Census Base Population,702238,Monroe,657.2,1068.530128,-1.359568567
36055,Monroe County,1990,Census Base Population,713968,Monroe,657.2,1086.378576,1.670373865
36055,Monroe County,2000,Census Base Population,735328,Monroe,657.2,1118.880097,2.991730665
36055,Monroe County,2010,Census Base Population,744396,Monroe,657.2,1132.678028,1.233191209
36055,Monroe County,2020,Census Base Population,759443,Monroe,657.2,1155.573646,2.021370366
36057,Montgomery County,1980,Census Base Population,53439,Montgomery,403.04,132.5898174,-4.373423009
36057,Montgomery County,1990,Census Base Population,51981,Montgomery,403.04,128.9723104,-2.728344507
36057,Montgomery County,2000,Census Base Population,49637,Montgomery,403.04,123.1565105,-4.509339937
36057,Montgomery County,2010,Census Base Population,50268,Montgomery,403.04,124.7221119,1.2712291
36057,Montgomery County,2020,Census Base Population,49532,Montgomery,403.04,122.8959905,-1.464152084
36059,Nassau County,1980,Census Base Population,1321582,Nassau,284.72,4641.690081,-7.5065193
36059,Nassau County,1990,Census Base Population,1287873,Nassau,284.72,4523.296572,-2.550655191
36059,Nassau County,2000,Census Base Population,1334625,Nassau,284.72,4687.5,3.63017161
36059,Nassau County,2010,Census Base Population,1339854,Nassau,284.72,4705.865412,0.391795456
36059,Nassau County,2020,Census Base Population,1395774,Nassau,284.72,4902.268896,4.17358906
36061,New York County,1980,Census Base Population,1428285,New York,22.83,62561.76084,-7.208005548
36061,New York County,1990,Census Base Population,1487536,New York,22.83,65157.07403,4.148401764
36061,New York County,2000,Census Base Population,1538096,New York,22.83,67371.7039,3.398909333
36061,New York County,2010,Census Base Population,1586609,New York,22.83,69496.67105,3.154094415
36061,New York County,2020,Census Base Population,1694251,New York,22.83,74211.60753,6.784406229
36000,New York State,1980,Census Base Population,17558165,New York State,47126.39,372.5760662,-3.745470938
36000,New York State,1990,Census Base Population,17990778,New York State,47126.39,381.7559121,2.463885025
36000,New York State,2000,Census Base Population,18977026,New York State,47126.39,402.6836344,5.481964165
36000,New York State,2010,Census Base Population,19378117,New York State,47126.39,411.1945982,2.113560888
36000,New York State,2020,Census Base Population,20201249,New York State,47126.39,428.661075,4.247739848
36063,Niagara County,1980,Census Base Population,227354,Niagara,522.36,435.2438931,-3.54912609
36063,Niagara County,1990,Census Base Population,220756,Niagara,522.36,422.6127575,-2.902082212
36063,Niagara County,2000,Census Base Population,219795,Niagara,522.36,420.7730301,-0.435322258
36063,Niagara County,2010,Census Base Population,216479,Niagara,522.36,414.4249177,-1.508678538
36063,Niagara County,2020,Census Base Population,212666,Niagara,522.36,407.1253542,-1.761371768
36065,Oneida County,1980,Census Base Population,253466,Oneida,1212.43,209.0561929,-7.179111584
36065,Oneida County,1990,Census Base Population,250836,Oneida,1212.43,206.8869955,-1.037614514
36065,Oneida County,2000,Census Base Population,235516,Oneida,1212.43,194.2512145,-6.107576249
36065,Oneida County,2010,Census Base Population,234851,Oneida,1212.43,193.7027292,-0.282358749
36065,Oneida County,2020,Census Base Population,232125,Oneida,1212.43,191.454352,-1.160735943
36067,Onondaga County,1980,Census Base Population,463920,Onondaga,778.39,595.9994347,-1.885435721
36067,Onondaga County,1990,Census Base Population,468973,Onondaga,778.39,602.4910392,1.089196419
36067,Onondaga County,2000,Census Base Population,458326,Onondaga,778.39,588.8128059,-2.270279956
36067,Onondaga County,2010,Census Base Population,467068,Onondaga,778.39,600.0436799,1.907375975
36067,Onondaga County,2020,Census Base Population,476516,Onondaga,778.39,612.1815542,2.022831788
36069,Ontario County,1980,Census Base Population,88909,Ontario,644.06,138.0445921,12.75856378
36069,Ontario County,1990,Census Base Population,95101,Ontario,644.06,147.6586032,6.964424288
36069,Ontario County,2000,Census Base Population,100009,Ontario,644.06,155.2790113,5.160829058
36069,Ontario County,2010,Census Base Population,108106,Ontario,644.06,167.8508214,8.096271347
36069,Ontario County,2020,Census Base Population,112458,Ontario,644.06,174.6079558,4.025678483
36071,Orange County,1980,Census Base Population,259603,Orange,811.69,319.8302308,17.11924281
36071,Orange County,1990,Census Base Population,307571,Orange,811.69,378.9266838,18.47744438
36071,Orange County,2000,Census Base Population,341397,Orange,811.69,420.6002292,10.9977859
36071,Orange County,2010,Census Base Population,372823,Orange,811.69,459.3169806,9.20511895
36071,Orange County,2020,Census Base Population,401310,Orange,811.69,494.4128916,7.640891254
36073,Orleans County,1980,Census Base Population,38496,Orleans,391.26,98.38981751,3.192601523
36073,Orleans County,1990,Census Base Population,41846,Orleans,391.26,106.951899,8.702202836
36073,Orleans County,2000,Census Base Population,44184,Orleans,391.26,112.9274651,5.587152875
36073,Orleans County,2010,Census Base Population,42891,Orleans,391.26,109.6227572,-2.926398726
36073,Orleans County,2020,Census Base Population,40343,Orleans,391.26,103.1104636,-5.940640216
36075,Oswego County,1980,Census Base Population,113901,Oswego,951.65,119.6879105,12.88839118
36075,Oswego County,1990,Census Base Population,121785,Oswego,951.65,127.9724689,6.921800511
36075,Oswego County,2000,Census Base Population,122387,Oswego,951.65,128.6050544,0.494313742
36075,Oswego County,2010,Census Base Population,122109,Oswego,951.65,128.3129302,-0.227148304
36075,Oswego County,2020,Census Base Population,117525,Oswego,951.65,123.4960332,-3.754023069
36077,Otsego County,1980,Census Base Population,59075,Otsego,1001.7,58.97474294,5.151207704
36077,Otsego County,1990,Census Base Population,60390,Otsego,1001.7,60.28751123,2.225983912
36077,Otsego County,2000,Census Base Population,61692,Otsego,1001.7,61.58730159,2.155986096
36077,Otsego County,2010,Census Base Population,62278,Otsego,1001.7,62.17230708,0.949880048
36077,Otsego County,2020,Census Base Population,58524,Otsego,1001.7,58.42467805,-6.027810783
36079,Putnam County,1980,Census Base Population,77193,Putnam,230.31,335.1699883,36.15246229
36079,Putnam County,1990,Census Base Population,83941,Putnam,230.31,364.4696279,8.741725281
36079,Putnam County,2000,Census Base Population,95731,Putnam,230.31,415.6614997,14.04557963
36079,Putnam County,2010,Census Base Population,99633,Putnam,230.31,432.6038817,4.076004637
36079,Putnam County,2020,Census Base Population,97668,Putnam,230.31,424.0719031,-1.972238105
36081,Queens County,1980,Census Base Population,1891325,Queens,108.53,17426.74836,-4.8233824
36081,Queens County,1990,Census Base Population,1951598,Queens,108.53,17982.10633,3.186813504
36081,Queens County,2000,Census Base Population,2229394,Queens,108.53,20541.7304,14.23428392
36081,Queens County,2010,Census Base Population,2230511,Queens,108.53,20552.02248,0.050103277
36081,Queens County,2020,Census Base Population,2405464,Queens,108.53,22164.04681,7.843628682
36083,Rensselaer County,1980,Census Base Population,151966,Rensselaer,652.43,232.9230722,-0.356697911
36083,Rensselaer County,1990,Census Base Population,154429,Rensselaer,652.43,236.6981898,1.620757259
36083,Rensselaer County,2000,Census Base Population,152553,Rensselaer,652.43,233.8227856,-1.214797715
36083,Rensselaer County,2010,Census Base Population,159435,Rensselaer,652.43,244.3710436,4.51121903
36083,Rensselaer County,2020,Census Base Population,161130,Rensselaer,652.43,246.9690235,1.063129191
36085,Richmond County,1980,Census Base Population,352029,Richmond,58.37,6030.991948,19.15293305
36085,Richmond County,1990,Census Base Population,378977,Richmond,58.37,6492.667466,7.655051142
36085,Richmond County,2000,Census Base Population,443762,Richmond,58.37,7602.569813,17.09470495
36085,Richmond County,2010,Census Base Population,468730,Richmond,58.37,8030.323796,5.626439395
36085,Richmond County,2020,Census Base Population,495747,Richmond,58.37,8493.181429,5.7638726
36087,Rockland County,1980,Census Base Population,259530,Rockland,173.55,1495.419188,12.88673923
36087,Rockland County,1990,Census Base Population,265475,Rockland,173.55,1529.674445,2.290679247
36087,Rockland County,2000,Census Base Population,286794,Rockland,173.55,1652.515125,8.030511355
36087,Rockland County,2010,Census Base Population,311691,Rockland,173.55,1795.972342,8.681143962
36087,Rockland County,2020,Census Base Population,338329,Rockland,173.55,1949.46125,8.546284618
36091,Saratoga County,1980,Census Base Population,153759,Saratoga,809.98,189.8306131,26.27623926
36091,Saratoga County,1990,Census Base Population,181276,Saratoga,809.98,223.8030569,17.89618821
36091,Saratoga County,2000,Census Base Population,200626,Saratoga,809.98,247.6925356,10.67433083
36091,Saratoga County,2010,Census Base Population,219598,Saratoga,809.98,271.1153362,9.456401479
36091,Saratoga County,2020,Census Base Population,235509,Saratoga,809.98,290.7590311,7.245512251
36093,Schenectady County,1980,Census Base Population,149946,Schenectady,204.52,733.1605711,-6.910937557
36093,Schenectady County,1990,Census Base Population,149285,Schenectady,204.52,729.9286133,-0.44082537
36093,Schenectady County,2000,Census Base Population,146652,Schenectady,204.52,717.0545668,-1.76374049
36093,Schenectady County,2010,Census Base Population,154758,Schenectady,204.52,756.6888324,5.527370919
36093,Schenectady County,2020,Census Base Population,158061,Schenectady,204.52,772.8388422,2.134300007
36095,Schoharie County,1980,Census Base Population,29710,Schoharie,621.82,47.77910006,20.04040403
36095,Schoharie County,1990,Census Base Population,31840,Schoharie,621.82,51.20452864,7.169303264
36095,Schoharie County,2000,Census Base Population,31488,Schoharie,621.82,50.63844843,-1.105527626
36095,Schoharie County,2010,Census Base Population,32723,Schoharie,621.82,52.62455373,3.922129057
36095,Schoharie County,2020,Census Base Population,29714,Schoharie,621.82,47.78553279,-9.195367176
36097,Schuyler County,1980,Census Base Population,17686,Schuyler,328.33,53.86653672,5.670072307
36097,Schuyler County,1990,Census Base Population,18662,Schuyler,328.33,56.83915573,5.518489198
36097,Schuyler County,2000,Census Base Population,19188,Schuyler,328.33,58.44120245,2.818561781
36097,Schuyler County,2010,Census Base Population,18369,Schuyler,328.33,55.94676088,-4.268292686
36097,Schuyler County,2020,Census Base Population,17898,Schuyler,328.33,54.51222855,-2.564102564
36099,Seneca County,1980,Census Base Population,33733,Seneca,323.71,104.2074696,-3.848017621
36099,Seneca County,1990,Census Base Population,33683,Seneca,323.71,104.0530104,-0.148222772
36099,Seneca County,2000,Census Base Population,33319,Seneca,323.71,102.9285472,-1.080663784
36099,Seneca County,2010,Census Base Population,35253,Seneca,323.71,108.9030305,5.804495898
36099,Seneca County,2020,Census Base Population,33814,Seneca,323.71,104.4576936,-4.081922128
36089,St. Lawrence County,1980,Census Base Population,114347,St. Lawrence,2680.38,42.66074213,1.814636401
36089,St. Lawrence County,1990,Census Base Population,111974,St. Lawrence,2680.38,41.7754199,-2.07526214
36089,St. Lawrence County,2000,Census Base Population,111922,St. Lawrence,2680.38,41.75601967,-0.046439342
36089,St. Lawrence County,2010,Census Base Population,111941,St. Lawrence,2680.38,41.76310822,0.016976115
36089,St. Lawrence County,2020,Census Base Population,108505,St. Lawrence,2680.38,40.48120043,-3.0694741
36101,Steuben County,1980,Census Base Population,99217,Steuben,1390.56,71.35039121,-0.330500474
36101,Steuben County,1990,Census Base Population,99088,Steuben,1390.56,71.25762283,-0.13001804
36101,Steuben County,2000,Census Base Population,98681,Steuben,1390.56,70.96493499,-0.410746006
36101,Steuben County,2010,Census Base Population,98946,Steuben,1390.56,71.1555057,0.268542076
36101,Steuben County,2020,Census Base Population,93584,Steuben,1390.56,67.29950524,-5.419117498
36103,Suffolk County,1980,Census Base Population,1284231,Suffolk,912.05,1408.070829,13.94825338
36103,Suffolk County,1990,Census Base Population,1321339,Suffolk,912.05,1448.757195,2.88951132
36103,Suffolk County,2000,Census Base Population,1419379,Suffolk,912.05,1556.251302,7.419746205
36103,Suffolk County,2010,Census Base Population,1493116,Suffolk,912.05,1637.098843,5.195018369
36103,Suffolk County,2020,Census Base Population,1525920,Suffolk,912.05,1673.06617,2.197016213
36105,Sullivan County,1980,Census Base Population,65155,Sullivan,968.13,67.2998461,23.91593763
36105,Sullivan County,1990,Census Base Population,69277,Sullivan,968.13,71.55753876,6.326452298
36105,Sullivan County,2000,Census Base Population,73885,Sullivan,968.13,76.31723012,6.651558232
36105,Sullivan County,2010,Census Base Population,77504,Sullivan,968.13,80.05536447,4.898152546
36105,Sullivan County,2020,Census Base Population,78624,Sullivan,968.13,81.21223389,1.445086694
36107,Tioga County,1980,Census Base Population,49812,Tioga,518.6,96.05090629,7.092640766
36107,Tioga County,1990,Census Base Population,52337,Tioga,518.6,100.919784,5.069059625
36107,Tioga County,2000,Census Base Population,51883,Tioga,518.6,100.0443502,-0.867455087
36107,Tioga County,2010,Census Base Population,51052,Tioga,518.6,98.44195912,-1.601680731
36107,Tioga County,2020,Census Base Population,48455,Tioga,518.6,93.43424605,-5.086970144
36109,Tompkins County,1980,Census Base Population,87085,Tompkins,474.65,183.472032,13.00347762
36109,Tompkins County,1990,Census Base Population,94097,Tompkins,474.65,198.2450226,8.0519033
36109,Tompkins County,2000,Census Base Population,96487,Tompkins,474.65,203.2803118,2.539932218
36109,Tompkins County,2010,Census Base Population,101581,Tompkins,474.65,214.0124302,5.279467699
36109,Tompkins County,2020,Census Base Population,105740,Tompkins,474.65,222.7746761,4.094269614
36111,Ulster County,1980,Census Base Population,158158,Ulster,1124.23,140.6811773,11.97740033
36111,Ulster County,1990,Census Base Population,165380,Ulster,1124.23,147.1051297,4.566319762
36111,Ulster County,2000,Census Base Population,177726,Ulster,1124.23,158.0868683,7.465231581
36111,Ulster County,2010,Census Base Population,182522,Ulster,1124.23,162.3528993,2.698535967
36111,Ulster County,2020,Census Base Population,181851,Ulster,1124.23,161.7560464,-0.367626881
36113,Warren County,1980,Census Base Population,54854,Warren,866.95,63.27239172,11.03599045
36113,Warren County,1990,Census Base Population,59209,Warren,866.95,68.29574947,7.939256939
36113,Warren County,2000,Census Base Population,63263,Warren,866.95,72.97191303,6.846932051
36113,Warren County,2010,Census Base Population,65698,Warren,866.95,75.78061019,3.849011275
36113,Warren County,2020,Census Base Population,65737,Warren,866.95,75.82559548,0.059362533
36115,Washington County,1980,Census Base Population,54795,Washington,831.18,65.92434852,3.926031303
36115,Washington County,1990,Census Base Population,59330,Washington,831.18,71.38044708,8.276302584
36115,Washington County,2000,Census Base Population,61032,Washington,831.18,73.42813831,2.868700483
36115,Washington County,2010,Census Base Population,63254,Washington,831.18,76.10144614,3.640713072
36115,Washington County,2020,Census Base Population,61302,Washington,831.18,73.75297769,-3.085970857
36117,Wayne County,1980,Census Base Population,84581,Wayne,603.83,140.0741931,6.519822715
36117,Wayne County,1990,Census Base Population,89123,Wayne,603.83,147.5961777,5.370000307
36117,Wayne County,2000,Census Base Population,93779,Wayne,603.83,155.3069573,5.224240709
36117,Wayne County,2010,Census Base Population,93751,Wayne,603.83,155.2605866,-0.029857452
36117,Wayne County,2020,Census Base Population,91283,Wayne,603.83,151.1733435,-2.632505254
36119,Westchester County,1980,Census Base Population,866599,Westchester,430.5,2013.005807,-3.108990795
36119,Westchester County,1990,Census Base Population,874866,Westchester,430.5,2032.209059,0.953959096
36119,Westchester County,2000,Census Base Population,923621,Westchester,430.5,2145.461092,5.572853467
36119,Westchester County,2010,Census Base Population,949376,Westchester,430.5,2205.286876,2.788481424
36119,Westchester County,2020,Census Base Population,1004457,Westchester,430.5,2333.233449,5.801810839
36121,Wyoming County,1980,Census Base Population,39895,Wyoming,592.75,67.30493463,5.855975389
36121,Wyoming County,1990,Census Base Population,42507,Wyoming,592.75,71.71151413,6.54718636
36121,Wyoming County,2000,Census Base Population,43462,Wyoming,592.75,73.32264867,2.246688777
36121,Wyoming County,2010,Census Base Population,42154,Wyoming,592.75,71.11598482,-3.009525556
36121,Wyoming County,2020,Census Base Population,40531,Wyoming,592.75,68.37789962,-3.850168435
36123,Yates County,1980,Census Base Population,21459,Yates,338.14,63.46187969,8.209369161
36123,Yates County,1990,Census Base Population,22810,Yates,338.14,67.45726622,6.295726741
36123,Yates County,2000,Census Base Population,24591,Yates,338.14,72.72431537,7.807978955
36123,Yates County,2010,Census Base Population,25364,Yates,338.14,75.01035074,3.143426457
36123,Yates County,2020,Census Base Population,24774,Yates,338.14,73.26551133,-2.326131518
11111,ALL,1980,Census Base Population,35116330,NY State,94252.78,372.5760662,-3.745470946
11112,ALL,1990,Census Base Population,35981556,NY State,94252.78,381.7559121,2.463885036
11113,ALL,2000,Census Base Population,37954052,NY State,94252.78,402.6836344,5.481964149
11114,ALL,2010,Census Base Population,38756234,NY State,94252.78,411.1945982,2.113560892
11115,ALL,2020,Census Base Population,40402498,NY State,94252.78,428.661075,4.24773986
